index,clonesize,honeybee,bumbles,andrena,osmia,MaxOfUpperTRange,MinOfUpperTRange,AverageOfUpperTRange,MaxOfLowerTRange,MinOfLowerTRange,AverageOfLowerTRange,RainingDays,AverageRainingDays
134,12.5,0.25,0.25,0.38,0.25,94.6,57.2,79.0,68.2,33.0,55.9,1.0,0.1
754,25.0,0.5,0.38,0.63,0.5,77.4,46.8,64.7,55.8,27.0,45.8,1.0,0.1
56,12.5,0.25,0.25,0.25,0.25,86.0,52.0,71.9,62.0,30.0,50.8,34.0,0.56
406,12.5,0.25,0.38,0.5,0.5,94.6,57.2,79.0,68.2,33.0,55.9,1.0,0.1
674,25.0,0.5,0.38,0.38,0.63,77.4,46.8,64.7,55.8,27.0,45.8,1.0,0.1
364,12.5,0.25,0.38,0.38,0.5,77.4,46.8,64.7,55.8,27.0,45.8,1.0,0.1
636,25.0,0.5,0.25,0.75,0.75,94.6,57.2,79.0,68.2,33.0,55.9,1.0,0.1
353,12.5,0.25,0.25,0.75,0.75,69.7,42.1,58.2,50.2,24.3,41.2,24.0,0.39
358,12.5,0.25,0.38,0.38,0.5,94.6,57.2,79.0,68.2,33.0,55.9,1.0,0.1
357,12.5,0.25,0.38,0.38,0.5,94.6,57.2,79.0,68.2,33.0,55.9,16.0,0.26
61,12.5,0.25,0.25,0.25,0.25,69.7,42.1,58.2,50.2,24.3,41.2,16.0,0.26
709,25.0,0.5,0.38,0.5,0.5,77.4,46.8,64.7,55.8,27.0,45.8,24.0,0.39
378,12.5,0.25,0.38,0.38,0.63,94.6,57.2,79.0,68.2,33.0,55.9,34.0,0.56
637,25.0,0.5,0.25,0.75,0.75,86.0,52.0,71.9,62.0,30.0,50.8,24.0,0.39
699,25.0,0.5,0.38,0.5,0.5,94.6,57.2,79.0,68.2,33.0,55.9,16.0,0.26
605,25.0,0.5,0.25,0.75,0.5,86.0,52.0,71.9,62.0,30.0,50.8,24.0,0.39
221,12.5,0.25,0.25,0.5,0.5,69.7,42.1,58.2,50.2,24.3,41.2,16.0,0.26
644,25.0,0.5,0.25,0.75,0.75,69.7,42.1,58.2,50.2,24.3,41.2,1.0,0.1
457,25.0,0.5,0.25,0.38,0.5,86.0,52.0,71.9,62.0,30.0,50.8,16.0,0.26
91,12.5,0.25,0.25,0.25,0.5,77.4,46.8,64.7,55.8,27.0,45.8,16.0,0.26
216,12.5,0.25,0.25,0.5,0.5,86.0,52.0,71.9,62.0,30.0,50.8,34.0,0.56
596,25.0,0.5,0.25,0.63,0.75,69.7,42.1,58.2,50.2,24.3,41.2,1.0,0.1
251,12.5,0.25,0.25,0.5,0.75,77.4,46.8,64.7,55.8,27.0,45.8,16.0,0.26
159,12.5,0.25,0.25,0.38,0.38,77.4,46.8,64.7,55.8,27.0,45.8,24.0,0.39
70,12.5,0.25,0.25,0.25,0.38,94.6,57.2,79.0,68.2,33.0,55.9,1.0,0.1
693,25.0,0.5,0.38,0.38,0.75,77.4,46.8,64.7,55.8,27.0,45.8,24.0,0.39
132,12.5,0.25,0.25,0.38,0.25,86.0,52.0,71.9,62.0,30.0,50.8,1.0,0.1
45,25.0,0.25,0.25,0.25,0.38,86.0,52.0,71.9,62.0,30.0,50.8,34.0,0.56
71,12.5,0.25,0.25,0.25,0.38,86.0,52.0,71.9,62.0,30.0,50.8,24.0,0.39
205,12.5,0.25,0.25,0.38,0.75,69.7,42.1,58.2,50.2,24.3,41.2,16.0,0.26
610,25.0,0.5,0.25,0.75,0.5,77.4,46.8,64.7,55.8,27.0,45.8,1.0,0.1
295,12.5,0.25,0.25,0.63,0.75,86.0,52.0,71.9,62.0,30.0,50.8,24.0,0.39
332,12.5,0.25,0.25,0.75,0.63,77.4,46.8,64.7,55.8,27.0,45.8,1.0,0.1
136,12.5,0.25,0.25,0.38,0.25,86.0,52.0,71.9,62.0,30.0,50.8,34.0,0.56
236,12.5,0.25,0.25,0.5,0.63,77.4,46.8,64.7,55.8,27.0,45.8,1.0,0.1
166,12.5,0.25,0.25,0.38,0.5,94.6,57.2,79.0,68.2,33.0,55.9,1.0,0.1
165,12.5,0.25,0.25,0.38,0.5,94.6,57.2,79.0,68.2,33.0,55.9,16.0,0.26
29,25.0,0.25,0.25,0.25,0.25,86.0,52.0,71.9,62.0,30.0,50.8,24.0,0.39
724,25.0,0.5,0.38,0.5,0.63,69.7,42.1,58.2,50.2,24.3,41.2,1.0,0.1
194,12.5,0.25,0.25,0.38,0.63,69.7,42.1,58.2,50.2,24.3,41.2,34.0,0.56
214,12.5,0.25,0.25,0.5,0.5,94.6,57.2,79.0,68.2,33.0,55.9,1.0,0.1
502,25.0,0.5,0.25,0.38,0.75,77.4,46.8,64.7,55.8,27.0,45.8,34.0,0.56
301,12.5,0.25,0.25,0.63,0.75,69.7,42.1,58.2,50.2,24.3,41.2,16.0,0.26
137,12.5,0.25,0.25,0.38,0.25,94.6,57.2,79.0,68.2,33.0,55.9,24.0,0.39
395,12.5,0.25,0.38,0.38,0.75,77.4,46.8,64.7,55.8,27.0,45.8,16.0,0.26
577,25.0,0.5,0.25,0.63,0.63,77.4,46.8,64.7,55.8,27.0,45.8,16.0,0.26
410,12.5,0.25,0.38,0.5,0.5,94.6,57.2,79.0,68.2,33.0,55.9,34.0,0.56
451,12.5,0.25,0.38,0.63,0.5,86.0,52.0,71.9,62.0,30.0,50.8,16.0,0.26
6,37.5,0.75,0.25,0.25,0.25,94.6,57.2,79.0,68.2,33.0,55.9,24.0,0.39
368,12.5,0.25,0.38,0.38,0.5,77.4,46.8,64.7,55.8,27.0,45.8,34.0,0.56
255,12.5,0.25,0.25,0.5,0.75,77.4,46.8,64.7,55.8,27.0,45.8,24.0,0.39
74,12.5,0.25,0.25,0.25,0.38,94.6,57.2,79.0,68.2,33.0,55.9,34.0,0.56
632,25.0,0.5,0.25,0.75,0.63,69.7,42.1,58.2,50.2,24.3,41.2,34.0,0.56
733,25.0,0.5,0.38,0.5,0.75,86.0,52.0,71.9,62.0,30.0,50.8,24.0,0.39
146,12.5,0.25,0.25,0.38,0.25,69.7,42.1,58.2,50.2,24.3,41.2,34.0,0.56
276,12.5,0.25,0.25,0.63,0.63,86.0,52.0,71.9,62.0,30.0,50.8,1.0,0.1
300,12.5,0.25,0.25,0.63,0.75,77.4,46.8,64.7,55.8,27.0,45.8,1.0,0.1
133,12.5,0.25,0.25,0.38,0.25,94.6,57.2,79.0,68.2,33.0,55.9,16.0,0.26
412,12.5,0.25,0.38,0.5,0.5,77.4,46.8,64.7,55.8,27.0,45.8,1.0,0.1
463,25.0,0.5,0.25,0.38,0.5,94.6,57.2,79.0,68.2,33.0,55.9,24.0,0.39
727,25.0,0.5,0.38,0.5,0.63,69.7,42.1,58.2,50.2,24.3,41.2,24.0,0.39
405,12.5,0.25,0.38,0.5,0.5,94.6,57.2,79.0,68.2,33.0,55.9,16.0,0.26
42,25.0,0.25,0.25,0.25,0.38,94.6,57.2,79.0,68.2,33.0,55.9,16.0,0.26
514,25.0,0.5,0.25,0.5,0.5,77.4,46.8,64.7,55.8,27.0,45.8,1.0,0.1
109,12.5,0.25,0.25,0.25,0.63,69.7,42.1,58.2,50.2,24.3,41.2,16.0,0.26
325,12.5,0.25,0.25,0.75,0.63,94.6,57.2,79.0,68.2,33.0,55.9,16.0,0.26
57,12.5,0.25,0.25,0.25,0.25,94.6,57.2,79.0,68.2,33.0,55.9,24.0,0.39
607,25.0,0.5,0.25,0.75,0.5,94.6,57.2,79.0,68.2,33.0,55.9,24.0,0.39
265,12.5,0.25,0.25,0.63,0.5,94.6,57.2,79.0,68.2,33.0,55.9,24.0,0.39
389,12.5,0.25,0.38,0.38,0.75,94.6,57.2,79.0,68.2,33.0,55.9,16.0,0.26
213,12.5,0.25,0.25,0.5,0.5,94.6,57.2,79.0,68.2,33.0,55.9,16.0,0.26
579,25.0,0.5,0.25,0.63,0.63,69.7,42.1,58.2,50.2,24.3,41.2,16.0,0.26
582,25.0,0.5,0.25,0.63,0.63,77.4,46.8,64.7,55.8,27.0,45.8,34.0,0.56
25,25.0,0.25,0.25,0.25,0.25,86.0,52.0,71.9,62.0,30.0,50.8,16.0,0.26
248,12.5,0.25,0.25,0.5,0.75,86.0,52.0,71.9,62.0,30.0,50.8,34.0,0.56
606,25.0,0.5,0.25,0.75,0.5,86.0,52.0,71.9,62.0,30.0,50.8,34.0,0.56
623,25.0,0.5,0.25,0.75,0.63,94.6,57.2,79.0,68.2,33.0,55.9,24.0,0.39
452,12.5,0.25,0.38,0.63,0.5,86.0,52.0,71.9,62.0,30.0,50.8,1.0,0.1
336,12.5,0.25,0.25,0.75,0.63,77.4,46.8,64.7,55.8,27.0,45.8,34.0,0.56
111,12.5,0.25,0.25,0.25,0.63,77.4,46.8,64.7,55.8,27.0,45.8,24.0,0.39
83,12.5,0.25,0.25,0.25,0.5,86.0,52.0,71.9,62.0,30.0,50.8,16.0,0.26
52,12.5,0.25,0.25,0.25,0.25,86.0,52.0,71.9,62.0,30.0,50.8,1.0,0.1
763,20.0,6.64,0.065,0.229,0.033,86.0,52.0,71.9,62.0,30.0,50.8,3.77,0.06
423,12.5,0.25,0.38,0.5,0.63,86.0,52.0,71.9,62.0,30.0,50.8,24.0,0.39
711,25.0,0.5,0.38,0.5,0.5,69.7,42.1,58.2,50.2,24.3,41.2,24.0,0.39
627,25.0,0.5,0.25,0.75,0.63,69.7,42.1,58.2,50.2,24.3,41.2,16.0,0.26
199,12.5,0.25,0.25,0.38,0.75,86.0,52.0,71.9,62.0,30.0,50.8,24.0,0.39
545,25.0,0.5,0.25,0.5,0.75,77.4,46.8,64.7,55.8,27.0,45.8,16.0,0.26
526,25.0,0.5,0.25,0.5,0.63,86.0,52.0,71.9,62.0,30.0,50.8,34.0,0.56
769,20.0,0.0,0.0,0.0,0.585,86.0,52.0,71.9,62.0,30.0,50.8,3.77,0.06
743,25.0,0.5,0.38,0.5,0.75,69.7,42.1,58.2,50.2,24.3,41.2,24.0,0.39
343,12.5,0.25,0.25,0.75,0.75,86.0,52.0,71.9,62.0,30.0,50.8,24.0,0.39
140,12.5,0.25,0.25,0.38,0.25,77.4,46.8,64.7,55.8,27.0,45.8,1.0,0.1
425,12.5,0.25,0.38,0.5,0.63,94.6,57.2,79.0,68.2,33.0,55.9,24.0,0.39
698,25.0,0.5,0.38,0.5,0.5,86.0,52.0,71.9,62.0,30.0,50.8,1.0,0.1
19,37.5,0.25,0.25,0.25,0.25,77.4,46.8,64.7,55.8,27.0,45.8,16.0,0.26
570,25.0,0.5,0.25,0.63,0.63,86.0,52.0,71.9,62.0,30.0,50.8,1.0,0.1
141,12.5,0.25,0.25,0.38,0.25,69.7,42.1,58.2,50.2,24.3,41.2,16.0,0.26
335,12.5,0.25,0.25,0.75,0.63,77.4,46.8,64.7,55.8,27.0,45.8,24.0,0.39
656,25.0,0.5,0.38,0.38,0.5,94.6,57.2,79.0,68.2,33.0,55.9,34.0,0.56
531,25.0,0.5,0.25,0.5,0.63,69.7,42.1,58.2,50.2,24.3,41.2,16.0,0.26
84,12.5,0.25,0.25,0.25,0.5,86.0,52.0,71.9,62.0,30.0,50.8,1.0,0.1
62,12.5,0.25,0.25,0.25,0.25,69.7,42.1,58.2,50.2,24.3,41.2,1.0,0.1
382,12.5,0.25,0.38,0.38,0.63,69.7,42.1,58.2,50.2,24.3,41.2,1.0,0.1
426,12.5,0.25,0.38,0.5,0.63,94.6,57.2,79.0,68.2,33.0,55.9,34.0,0.56
183,12.5,0.25,0.25,0.38,0.63,86.0,52.0,71.9,62.0,30.0,50.8,24.0,0.39
474,25.0,0.5,0.25,0.38,0.63,86.0,52.0,71.9,62.0,30.0,50.8,1.0,0.1
224,12.5,0.25,0.25,0.5,0.5,77.4,46.8,64.7,55.8,27.0,45.8,34.0,0.56
590,25.0,0.5,0.25,0.63,0.75,86.0,52.0,71.9,62.0,30.0,50.8,34.0,0.56
445,12.5,0.25,0.38,0.5,0.75,69.7,42.1,58.2,50.2,24.3,41.2,16.0,0.26
471,25.0,0.5,0.25,0.38,0.5,69.7,42.1,58.2,50.2,24.3,41.2,24.0,0.39
310,12.5,0.25,0.25,0.75,0.5,94.6,57.2,79.0,68.2,33.0,55.9,1.0,0.1
535,25.0,0.5,0.25,0.5,0.63,69.7,42.1,58.2,50.2,24.3,41.2,24.0,0.39
468,25.0,0.5,0.25,0.38,0.5,69.7,42.1,58.2,50.2,24.3,41.2,1.0,0.1
177,12.5,0.25,0.25,0.38,0.5,69.7,42.1,58.2,50.2,24.3,41.2,24.0,0.39
532,25.0,0.5,0.25,0.5,0.63,69.7,42.1,58.2,50.2,24.3,41.2,1.0,0.1
523,25.0,0.5,0.25,0.5,0.63,94.6,57.2,79.0,68.2,33.0,55.9,16.0,0.26
164,12.5,0.25,0.25,0.38,0.5,86.0,52.0,71.9,62.0,30.0,50.8,1.0,0.1
249,12.5,0.25,0.25,0.5,0.75,94.6,57.2,79.0,68.2,33.0,55.9,24.0,0.39
690,25.0,0.5,0.38,0.38,0.75,77.4,46.8,64.7,55.8,27.0,45.8,1.0,0.1
75,12.5,0.25,0.25,0.25,0.38,77.4,46.8,64.7,55.8,27.0,45.8,16.0,0.26
449,12.5,0.25,0.38,0.5,0.75,69.7,42.1,58.2,50.2,24.3,41.2,24.0,0.39
384,12.5,0.25,0.38,0.38,0.63,77.4,46.8,64.7,55.8,27.0,45.8,34.0,0.56
105,12.5,0.25,0.25,0.25,0.63,94.6,57.2,79.0,68.2,33.0,55.9,24.0,0.39
115,12.5,0.25,0.25,0.25,0.75,86.0,52.0,71.9,62.0,30.0,50.8,16.0,0.26
602,25.0,0.5,0.25,0.75,0.5,86.0,52.0,71.9,62.0,30.0,50.8,1.0,0.1
93,12.5,0.25,0.25,0.25,0.5,69.7,42.1,58.2,50.2,24.3,41.2,16.0,0.26
706,25.0,0.5,0.38,0.5,0.5,77.4,46.8,64.7,55.8,27.0,45.8,1.0,0.1
90,12.5,0.25,0.25,0.25,0.5,94.6,57.2,79.0,68.2,33.0,55.9,34.0,0.56
714,25.0,0.5,0.38,0.5,0.63,86.0,52.0,71.9,62.0,30.0,50.8,1.0,0.1
488,25.0,0.5,0.25,0.38,0.63,69.7,42.1,58.2,50.2,24.3,41.2,34.0,0.56
721,25.0,0.5,0.38,0.5,0.63,77.4,46.8,64.7,55.8,27.0,45.8,16.0,0.26
568,25.0,0.5,0.25,0.63,0.5,69.7,42.1,58.2,50.2,24.3,41.2,34.0,0.56
469,25.0,0.5,0.25,0.38,0.5,77.4,46.8,64.7,55.8,27.0,45.8,24.0,0.39
11,37.5,0.25,0.25,0.25,0.25,86.0,52.0,71.9,62.0,30.0,50.8,16.0,0.26
333,12.5,0.25,0.25,0.75,0.63,69.7,42.1,58.2,50.2,24.3,41.2,16.0,0.26
44,25.0,0.25,0.25,0.25,0.38,86.0,52.0,71.9,62.0,30.0,50.8,24.0,0.39
43,25.0,0.25,0.25,0.25,0.38,94.6,57.2,79.0,68.2,33.0,55.9,1.0,0.1
168,12.5,0.25,0.25,0.38,0.5,86.0,52.0,71.9,62.0,30.0,50.8,34.0,0.56
683,25.0,0.5,0.38,0.38,0.75,94.6,57.2,79.0,68.2,33.0,55.9,16.0,0.26
599,25.0,0.5,0.25,0.63,0.75,69.7,42.1,58.2,50.2,24.3,41.2,24.0,0.39
424,12.5,0.25,0.38,0.5,0.63,86.0,52.0,71.9,62.0,30.0,50.8,34.0,0.56
179,12.5,0.25,0.25,0.38,0.63,86.0,52.0,71.9,62.0,30.0,50.8,16.0,0.26
516,25.0,0.5,0.25,0.5,0.5,69.7,42.1,58.2,50.2,24.3,41.2,1.0,0.1
634,25.0,0.5,0.25,0.75,0.75,86.0,52.0,71.9,62.0,30.0,50.8,1.0,0.1
178,12.5,0.25,0.25,0.38,0.5,69.7,42.1,58.2,50.2,24.3,41.2,34.0,0.56
539,25.0,0.5,0.25,0.5,0.75,94.6,57.2,79.0,68.2,33.0,55.9,16.0,0.26
546,25.0,0.5,0.25,0.5,0.75,77.4,46.8,64.7,55.8,27.0,45.8,1.0,0.1
258,12.5,0.25,0.25,0.5,0.75,69.7,42.1,58.2,50.2,24.3,41.2,34.0,0.56
339,12.5,0.25,0.25,0.75,0.75,86.0,52.0,71.9,62.0,30.0,50.8,16.0,0.26
450,12.5,0.25,0.38,0.5,0.75,69.7,42.1,58.2,50.2,24.3,41.2,34.0,0.56
15,37.5,0.25,0.25,0.25,0.25,86.0,52.0,71.9,62.0,30.0,50.8,24.0,0.39
744,25.0,0.5,0.38,0.5,0.75,69.7,42.1,58.2,50.2,24.3,41.2,34.0,0.56
257,12.5,0.25,0.25,0.5,0.75,69.7,42.1,58.2,50.2,24.3,41.2,24.0,0.39
739,25.0,0.5,0.38,0.5,0.75,69.7,42.1,58.2,50.2,24.3,41.2,16.0,0.26
369,12.5,0.25,0.38,0.38,0.5,69.7,42.1,58.2,50.2,24.3,41.2,24.0,0.39
366,12.5,0.25,0.38,0.38,0.5,69.7,42.1,58.2,50.2,24.3,41.2,1.0,0.1
611,25.0,0.5,0.25,0.75,0.5,69.7,42.1,58.2,50.2,24.3,41.2,16.0,0.26
396,12.5,0.25,0.38,0.38,0.75,77.4,46.8,64.7,55.8,27.0,45.8,1.0,0.1
351,12.5,0.25,0.25,0.75,0.75,77.4,46.8,64.7,55.8,27.0,45.8,24.0,0.39
324,12.5,0.25,0.25,0.75,0.63,86.0,52.0,71.9,62.0,30.0,50.8,1.0,0.1
775,20.0,0.537,0.117,0.409,0.058,89.0,39.0,65.6,66.0,28.0,45.3,3.77,0.06
9,37.5,0.75,0.25,0.25,0.25,77.4,46.8,64.7,55.8,27.0,45.8,1.0,0.1
250,12.5,0.25,0.25,0.5,0.75,94.6,57.2,79.0,68.2,33.0,55.9,34.0,0.56
23,37.5,0.25,0.25,0.25,0.25,77.4,46.8,64.7,55.8,27.0,45.8,24.0,0.39
222,12.5,0.25,0.25,0.5,0.5,69.7,42.1,58.2,50.2,24.3,41.2,1.0,0.1
533,25.0,0.5,0.25,0.5,0.63,77.4,46.8,64.7,55.8,27.0,45.8,24.0,0.39
671,25.0,0.5,0.38,0.38,0.63,94.6,57.2,79.0,68.2,33.0,55.9,24.0,0.39
760,20.0,0.0,0.202,0.707,0.101,86.0,52.0,71.9,62.0,30.0,50.8,3.77,0.06
434,12.5,0.25,0.38,0.5,0.63,69.7,42.1,58.2,50.2,24.3,41.2,34.0,0.56
652,25.0,0.5,0.38,0.38,0.5,94.6,57.2,79.0,68.2,33.0,55.9,1.0,0.1
204,12.5,0.25,0.25,0.38,0.75,77.4,46.8,64.7,55.8,27.0,45.8,1.0,0.1
600,25.0,0.5,0.25,0.63,0.75,69.7,42.1,58.2,50.2,24.3,41.2,34.0,0.56
94,12.5,0.25,0.25,0.25,0.5,69.7,42.1,58.2,50.2,24.3,41.2,1.0,0.1
670,25.0,0.5,0.38,0.38,0.63,86.0,52.0,71.9,62.0,30.0,50.8,34.0,0.56
341,12.5,0.25,0.25,0.75,0.75,94.6,57.2,79.0,68.2,33.0,55.9,16.0,0.26
483,25.0,0.5,0.25,0.38,0.63,69.7,42.1,58.2,50.2,24.3,41.2,16.0,0.26
285,12.5,0.25,0.25,0.63,0.63,69.7,42.1,58.2,50.2,24.3,41.2,16.0,0.26
185,12.5,0.25,0.25,0.38,0.63,94.6,57.2,79.0,68.2,33.0,55.9,24.0,0.39
631,25.0,0.5,0.25,0.75,0.63,69.7,42.1,58.2,50.2,24.3,41.2,24.0,0.39
513,25.0,0.5,0.25,0.5,0.5,77.4,46.8,64.7,55.8,27.0,45.8,16.0,0.26
154,12.5,0.25,0.25,0.38,0.38,94.6,57.2,79.0,68.2,33.0,55.9,34.0,0.56
76,12.5,0.25,0.25,0.25,0.38,77.4,46.8,64.7,55.8,27.0,45.8,1.0,0.1
432,12.5,0.25,0.38,0.5,0.63,77.4,46.8,64.7,55.8,27.0,45.8,34.0,0.56
278,12.5,0.25,0.25,0.63,0.63,94.6,57.2,79.0,68.2,33.0,55.9,1.0,0.1
69,12.5,0.25,0.25,0.25,0.38,94.6,57.2,79.0,68.2,33.0,55.9,16.0,0.26
487,25.0,0.5,0.25,0.38,0.63,69.7,42.1,58.2,50.2,24.3,41.2,24.0,0.39
189,12.5,0.25,0.25,0.38,0.63,69.7,42.1,58.2,50.2,24.3,41.2,16.0,0.26
272,12.5,0.25,0.25,0.63,0.5,77.4,46.8,64.7,55.8,27.0,45.8,34.0,0.56
237,12.5,0.25,0.25,0.5,0.63,69.7,42.1,58.2,50.2,24.3,41.2,16.0,0.26
89,12.5,0.25,0.25,0.25,0.5,94.6,57.2,79.0,68.2,33.0,55.9,24.0,0.39
757,25.0,0.5,0.38,0.63,0.5,77.4,46.8,64.7,55.8,27.0,45.8,24.0,0.39
118,12.5,0.25,0.25,0.25,0.75,94.6,57.2,79.0,68.2,33.0,55.9,1.0,0.1
126,12.5,0.25,0.25,0.25,0.75,69.7,42.1,58.2,50.2,24.3,41.2,1.0,0.1
641,25.0,0.5,0.25,0.75,0.75,77.4,46.8,64.7,55.8,27.0,45.8,16.0,0.26
290,12.5,0.25,0.25,0.63,0.63,69.7,42.1,58.2,50.2,24.3,41.2,34.0,0.56
239,12.5,0.25,0.25,0.5,0.63,77.4,46.8,64.7,55.8,27.0,45.8,24.0,0.39
0,37.5,0.75,0.25,0.25,0.25,86.0,52.0,71.9,62.0,30.0,50.8,16.0,0.26
768,20.0,0.0,0.0,0.585,0.0,86.0,52.0,71.9,62.0,30.0,50.8,3.77,0.06
363,12.5,0.25,0.38,0.38,0.5,77.4,46.8,64.7,55.8,27.0,45.8,16.0,0.26
680,25.0,0.5,0.38,0.38,0.63,69.7,42.1,58.2,50.2,24.3,41.2,34.0,0.56
444,12.5,0.25,0.38,0.5,0.75,77.4,46.8,64.7,55.8,27.0,45.8,1.0,0.1
279,12.5,0.25,0.25,0.63,0.63,86.0,52.0,71.9,62.0,30.0,50.8,24.0,0.39
609,25.0,0.5,0.25,0.75,0.5,77.4,46.8,64.7,55.8,27.0,45.8,16.0,0.26
117,12.5,0.25,0.25,0.25,0.75,94.6,57.2,79.0,68.2,33.0,55.9,16.0,0.26
229,12.5,0.25,0.25,0.5,0.63,94.6,57.2,79.0,68.2,33.0,55.9,16.0,0.26
552,25.0,0.5,0.25,0.5,0.75,69.7,42.1,58.2,50.2,24.3,41.2,34.0,0.56
399,12.5,0.25,0.38,0.38,0.75,77.4,46.8,64.7,55.8,27.0,45.8,24.0,0.39
413,12.5,0.25,0.38,0.5,0.5,69.7,42.1,58.2,50.2,24.3,41.2,16.0,0.26
275,12.5,0.25,0.25,0.63,0.63,86.0,52.0,71.9,62.0,30.0,50.8,16.0,0.26
319,12.5,0.25,0.25,0.75,0.5,77.4,46.8,64.7,55.8,27.0,45.8,24.0,0.39
537,25.0,0.5,0.25,0.5,0.75,86.0,52.0,71.9,62.0,30.0,50.8,16.0,0.26
145,12.5,0.25,0.25,0.38,0.25,69.7,42.1,58.2,50.2,24.3,41.2,24.0,0.39
669,25.0,0.5,0.38,0.38,0.63,86.0,52.0,71.9,62.0,30.0,50.8,24.0,0.39
482,25.0,0.5,0.25,0.38,0.63,77.4,46.8,64.7,55.8,27.0,45.8,1.0,0.1
704,25.0,0.5,0.38,0.5,0.5,94.6,57.2,79.0,68.2,33.0,55.9,34.0,0.56
571,25.0,0.5,0.25,0.63,0.63,94.6,57.2,79.0,68.2,33.0,55.9,16.0,0.26
370,12.5,0.25,0.38,0.38,0.5,69.7,42.1,58.2,50.2,24.3,41.2,34.0,0.56
269,12.5,0.25,0.25,0.63,0.5,69.7,42.1,58.2,50.2,24.3,41.2,16.0,0.26
553,25.0,0.5,0.25,0.63,0.5,86.0,52.0,71.9,62.0,30.0,50.8,16.0,0.26
308,12.5,0.25,0.25,0.75,0.5,86.0,52.0,71.9,62.0,30.0,50.8,1.0,0.1
311,12.5,0.25,0.25,0.75,0.5,86.0,52.0,71.9,62.0,30.0,50.8,24.0,0.39
430,12.5,0.25,0.38,0.5,0.63,69.7,42.1,58.2,50.2,24.3,41.2,1.0,0.1
47,25.0,0.25,0.25,0.25,0.38,94.6,57.2,79.0,68.2,33.0,55.9,34.0,0.56
350,12.5,0.25,0.25,0.75,0.75,69.7,42.1,58.2,50.2,24.3,41.2,1.0,0.1
372,12.5,0.25,0.38,0.38,0.63,86.0,52.0,71.9,62.0,30.0,50.8,1.0,0.1
507,25.0,0.5,0.25,0.5,0.5,94.6,57.2,79.0,68.2,33.0,55.9,16.0,0.26
262,12.5,0.25,0.25,0.63,0.5,94.6,57.2,79.0,68.2,33.0,55.9,1.0,0.1
196,12.5,0.25,0.25,0.38,0.75,86.0,52.0,71.9,62.0,30.0,50.8,1.0,0.1
776,20.0,0.537,0.117,0.409,0.058,89.0,39.0,65.6,66.0,28.0,45.3,24.0,0.39
653,25.0,0.5,0.38,0.38,0.5,86.0,52.0,71.9,62.0,30.0,50.8,24.0,0.39
108,12.5,0.25,0.25,0.25,0.63,77.4,46.8,64.7,55.8,27.0,45.8,1.0,0.1
60,12.5,0.25,0.25,0.25,0.25,77.4,46.8,64.7,55.8,27.0,45.8,1.0,0.1
585,25.0,0.5,0.25,0.63,0.75,86.0,52.0,71.9,62.0,30.0,50.8,16.0,0.26
418,12.5,0.25,0.38,0.5,0.5,69.7,42.1,58.2,50.2,24.3,41.2,34.0,0.56
101,12.5,0.25,0.25,0.25,0.63,94.6,57.2,79.0,68.2,33.0,55.9,16.0,0.26
715,25.0,0.5,0.38,0.5,0.63,94.6,57.2,79.0,68.2,33.0,55.9,16.0,0.26
697,25.0,0.5,0.38,0.5,0.5,86.0,52.0,71.9,62.0,30.0,50.8,16.0,0.26
569,25.0,0.5,0.25,0.63,0.63,86.0,52.0,71.9,62.0,30.0,50.8,16.0,0.26
433,12.5,0.25,0.38,0.5,0.63,69.7,42.1,58.2,50.2,24.3,41.2,24.0,0.39
180,12.5,0.25,0.25,0.38,0.63,86.0,52.0,71.9,62.0,30.0,50.8,1.0,0.1
305,12.5,0.25,0.25,0.63,0.75,69.7,42.1,58.2,50.2,24.3,41.2,24.0,0.39
427,12.5,0.25,0.38,0.5,0.63,77.4,46.8,64.7,55.8,27.0,45.8,16.0,0.26
454,12.5,0.25,0.38,0.63,0.5,94.6,57.2,79.0,68.2,33.0,55.9,1.0,0.1
747,25.0,0.5,0.38,0.63,0.5,94.6,57.2,79.0,68.2,33.0,55.9,16.0,0.26
150,12.5,0.25,0.25,0.38,0.38,94.6,57.2,79.0,68.2,33.0,55.9,1.0,0.1
125,12.5,0.25,0.25,0.25,0.75,69.7,42.1,58.2,50.2,24.3,41.2,16.0,0.26
618,25.0,0.5,0.25,0.75,0.63,86.0,52.0,71.9,62.0,30.0,50.8,1.0,0.1
677,25.0,0.5,0.38,0.38,0.63,77.4,46.8,64.7,55.8,27.0,45.8,24.0,0.39
186,12.5,0.25,0.25,0.38,0.63,94.6,57.2,79.0,68.2,33.0,55.9,34.0,0.56
527,25.0,0.5,0.25,0.5,0.63,94.6,57.2,79.0,68.2,33.0,55.9,24.0,0.39
622,25.0,0.5,0.25,0.75,0.63,86.0,52.0,71.9,62.0,30.0,50.8,34.0,0.56
446,12.5,0.25,0.38,0.5,0.75,69.7,42.1,58.2,50.2,24.3,41.2,1.0,0.1
765,20.0,18.43,0.042,0.147,0.021,86.0,52.0,71.9,62.0,30.0,50.8,3.77,0.06
495,25.0,0.5,0.25,0.38,0.75,94.6,57.2,79.0,68.2,33.0,55.9,24.0,0.39
322,12.5,0.25,0.25,0.75,0.5,69.7,42.1,58.2,50.2,24.3,41.2,34.0,0.56
354,12.5,0.25,0.25,0.75,0.75,69.7,42.1,58.2,50.2,24.3,41.2,34.0,0.56
717,25.0,0.5,0.38,0.5,0.63,86.0,52.0,71.9,62.0,30.0,50.8,24.0,0.39
143,12.5,0.25,0.25,0.38,0.25,77.4,46.8,64.7,55.8,27.0,45.8,24.0,0.39
371,12.5,0.25,0.38,0.38,0.63,86.0,52.0,71.9,62.0,30.0,50.8,16.0,0.26
142,12.5,0.25,0.25,0.38,0.25,69.7,42.1,58.2,50.2,24.3,41.2,1.0,0.1
400,12.5,0.25,0.38,0.38,0.75,77.4,46.8,64.7,55.8,27.0,45.8,34.0,0.56
740,25.0,0.5,0.38,0.5,0.75,69.7,42.1,58.2,50.2,24.3,41.2,1.0,0.1
321,12.5,0.25,0.25,0.75,0.5,69.7,42.1,58.2,50.2,24.3,41.2,24.0,0.39
20,37.5,0.25,0.25,0.25,0.25,77.4,46.8,64.7,55.8,27.0,45.8,1.0,0.1
173,12.5,0.25,0.25,0.38,0.5,69.7,42.1,58.2,50.2,24.3,41.2,16.0,0.26
635,25.0,0.5,0.25,0.75,0.75,94.6,57.2,79.0,68.2,33.0,55.9,16.0,0.26
313,12.5,0.25,0.25,0.75,0.5,94.6,57.2,79.0,68.2,33.0,55.9,24.0,0.39
391,12.5,0.25,0.38,0.38,0.75,86.0,52.0,71.9,62.0,30.0,50.8,24.0,0.39
723,25.0,0.5,0.38,0.5,0.63,69.7,42.1,58.2,50.2,24.3,41.2,16.0,0.26
12,37.5,0.25,0.25,0.25,0.25,86.0,52.0,71.9,62.0,30.0,50.8,1.0,0.1
408,12.5,0.25,0.38,0.5,0.5,86.0,52.0,71.9,62.0,30.0,50.8,34.0,0.56
409,12.5,0.25,0.38,0.5,0.5,94.6,57.2,79.0,68.2,33.0,55.9,24.0,0.39
306,12.5,0.25,0.25,0.63,0.75,69.7,42.1,58.2,50.2,24.3,41.2,34.0,0.56
355,12.5,0.25,0.38,0.38,0.5,86.0,52.0,71.9,62.0,30.0,50.8,16.0,0.26
26,25.0,0.25,0.25,0.25,0.25,86.0,52.0,71.9,62.0,30.0,50.8,1.0,0.1
583,25.0,0.5,0.25,0.63,0.63,69.7,42.1,58.2,50.2,24.3,41.2,24.0,0.39
170,12.5,0.25,0.25,0.38,0.5,94.6,57.2,79.0,68.2,33.0,55.9,34.0,0.56
39,25.0,0.25,0.25,0.25,0.25,69.7,42.1,58.2,50.2,24.3,41.2,34.0,0.56
176,12.5,0.25,0.25,0.38,0.5,77.4,46.8,64.7,55.8,27.0,45.8,34.0,0.56
246,12.5,0.25,0.25,0.5,0.75,94.6,57.2,79.0,68.2,33.0,55.9,1.0,0.1
299,12.5,0.25,0.25,0.63,0.75,77.4,46.8,64.7,55.8,27.0,45.8,16.0,0.26
649,25.0,0.5,0.38,0.38,0.5,86.0,52.0,71.9,62.0,30.0,50.8,16.0,0.26
417,12.5,0.25,0.38,0.5,0.5,69.7,42.1,58.2,50.2,24.3,41.2,24.0,0.39
534,25.0,0.5,0.25,0.5,0.63,77.4,46.8,64.7,55.8,27.0,45.8,34.0,0.56
273,12.5,0.25,0.25,0.63,0.5,69.7,42.1,58.2,50.2,24.3,41.2,24.0,0.39
597,25.0,0.5,0.25,0.63,0.75,77.4,46.8,64.7,55.8,27.0,45.8,24.0,0.39
155,12.5,0.25,0.25,0.38,0.38,77.4,46.8,64.7,55.8,27.0,45.8,16.0,0.26
127,12.5,0.25,0.25,0.25,0.75,77.4,46.8,64.7,55.8,27.0,45.8,24.0,0.39
629,25.0,0.5,0.25,0.75,0.63,77.4,46.8,64.7,55.8,27.0,45.8,24.0,0.39
342,12.5,0.25,0.25,0.75,0.75,94.6,57.2,79.0,68.2,33.0,55.9,1.0,0.1
431,12.5,0.25,0.38,0.5,0.63,77.4,46.8,64.7,55.8,27.0,45.8,24.0,0.39
288,12.5,0.25,0.25,0.63,0.63,77.4,46.8,64.7,55.8,27.0,45.8,34.0,0.56
114,12.5,0.25,0.25,0.25,0.63,69.7,42.1,58.2,50.2,24.3,41.2,34.0,0.56
529,25.0,0.5,0.25,0.5,0.63,77.4,46.8,64.7,55.8,27.0,45.8,16.0,0.26
174,12.5,0.25,0.25,0.38,0.5,69.7,42.1,58.2,50.2,24.3,41.2,1.0,0.1
360,12.5,0.25,0.38,0.38,0.5,86.0,52.0,71.9,62.0,30.0,50.8,34.0,0.56
515,25.0,0.5,0.25,0.5,0.5,69.7,42.1,58.2,50.2,24.3,41.2,16.0,0.26
58,12.5,0.25,0.25,0.25,0.25,94.6,57.2,79.0,68.2,33.0,55.9,34.0,0.56
538,25.0,0.5,0.25,0.5,0.75,86.0,52.0,71.9,62.0,30.0,50.8,1.0,0.1
223,12.5,0.25,0.25,0.5,0.5,77.4,46.8,64.7,55.8,27.0,45.8,24.0,0.39
281,12.5,0.25,0.25,0.63,0.63,94.6,57.2,79.0,68.2,33.0,55.9,24.0,0.39
17,37.5,0.25,0.25,0.25,0.25,94.6,57.2,79.0,68.2,33.0,55.9,24.0,0.39
128,12.5,0.25,0.25,0.25,0.75,77.4,46.8,64.7,55.8,27.0,45.8,34.0,0.56
323,12.5,0.25,0.25,0.75,0.63,86.0,52.0,71.9,62.0,30.0,50.8,16.0,0.26
256,12.5,0.25,0.25,0.5,0.75,77.4,46.8,64.7,55.8,27.0,45.8,34.0,0.56
524,25.0,0.5,0.25,0.5,0.63,94.6,57.2,79.0,68.2,33.0,55.9,1.0,0.1
584,25.0,0.5,0.25,0.63,0.63,69.7,42.1,58.2,50.2,24.3,41.2,34.0,0.56
745,25.0,0.5,0.38,0.63,0.5,86.0,52.0,71.9,62.0,30.0,50.8,16.0,0.26
191,12.5,0.25,0.25,0.38,0.63,77.4,46.8,64.7,55.8,27.0,45.8,24.0,0.39
116,12.5,0.25,0.25,0.25,0.75,86.0,52.0,71.9,62.0,30.0,50.8,1.0,0.1
689,25.0,0.5,0.38,0.38,0.75,77.4,46.8,64.7,55.8,27.0,45.8,16.0,0.26
494,25.0,0.5,0.25,0.38,0.75,86.0,52.0,71.9,62.0,30.0,50.8,34.0,0.56
95,12.5,0.25,0.25,0.25,0.5,77.4,46.8,64.7,55.8,27.0,45.8,24.0,0.39
181,12.5,0.25,0.25,0.38,0.63,94.6,57.2,79.0,68.2,33.0,55.9,16.0,0.26
302,12.5,0.25,0.25,0.63,0.75,69.7,42.1,58.2,50.2,24.3,41.2,1.0,0.1
734,25.0,0.5,0.38,0.5,0.75,86.0,52.0,71.9,62.0,30.0,50.8,34.0,0.56
576,25.0,0.5,0.25,0.63,0.63,94.6,57.2,79.0,68.2,33.0,55.9,34.0,0.56
657,25.0,0.5,0.38,0.38,0.5,77.4,46.8,64.7,55.8,27.0,45.8,16.0,0.26
544,25.0,0.5,0.25,0.5,0.75,94.6,57.2,79.0,68.2,33.0,55.9,34.0,0.56
688,25.0,0.5,0.38,0.38,0.75,94.6,57.2,79.0,68.2,33.0,55.9,34.0,0.56
528,25.0,0.5,0.25,0.5,0.63,94.6,57.2,79.0,68.2,33.0,55.9,34.0,0.56
5,37.5,0.75,0.25,0.25,0.25,86.0,52.0,71.9,62.0,30.0,50.8,34.0,0.56
761,20.0,6.64,0.0,0.0,0.0,86.0,52.0,71.9,62.0,30.0,50.8,3.77,0.06
46,25.0,0.25,0.25,0.25,0.38,94.6,57.2,79.0,68.2,33.0,55.9,24.0,0.39
703,25.0,0.5,0.38,0.5,0.5,94.6,57.2,79.0,68.2,33.0,55.9,24.0,0.39
530,25.0,0.5,0.25,0.5,0.63,77.4,46.8,64.7,55.8,27.0,45.8,1.0,0.1
591,25.0,0.5,0.25,0.63,0.75,94.6,57.2,79.0,68.2,33.0,55.9,24.0,0.39
172,12.5,0.25,0.25,0.38,0.5,77.4,46.8,64.7,55.8,27.0,45.8,1.0,0.1
16,37.5,0.25,0.25,0.25,0.25,86.0,52.0,71.9,62.0,30.0,50.8,34.0,0.56
49,25.0,0.25,0.25,0.25,0.38,77.4,46.8,64.7,55.8,27.0,45.8,1.0,0.1
751,25.0,0.5,0.38,0.63,0.5,94.6,57.2,79.0,68.2,33.0,55.9,24.0,0.39
712,25.0,0.5,0.38,0.5,0.5,69.7,42.1,58.2,50.2,24.3,41.2,34.0,0.56
3,37.5,0.75,0.25,0.25,0.25,94.6,57.2,79.0,68.2,33.0,55.9,1.0,0.1
735,25.0,0.5,0.38,0.5,0.75,94.6,57.2,79.0,68.2,33.0,55.9,24.0,0.39
550,25.0,0.5,0.25,0.5,0.75,77.4,46.8,64.7,55.8,27.0,45.8,34.0,0.56
317,12.5,0.25,0.25,0.75,0.5,69.7,42.1,58.2,50.2,24.3,41.2,16.0,0.26
548,25.0,0.5,0.25,0.5,0.75,69.7,42.1,58.2,50.2,24.3,41.2,1.0,0.1
481,25.0,0.5,0.25,0.38,0.63,77.4,46.8,64.7,55.8,27.0,45.8,16.0,0.26
448,12.5,0.25,0.38,0.5,0.75,77.4,46.8,64.7,55.8,27.0,45.8,34.0,0.56
716,25.0,0.5,0.38,0.5,0.63,94.6,57.2,79.0,68.2,33.0,55.9,1.0,0.1
284,12.5,0.25,0.25,0.63,0.63,77.4,46.8,64.7,55.8,27.0,45.8,1.0,0.1
97,12.5,0.25,0.25,0.25,0.5,69.7,42.1,58.2,50.2,24.3,41.2,24.0,0.39
286,12.5,0.25,0.25,0.63,0.63,69.7,42.1,58.2,50.2,24.3,41.2,1.0,0.1
522,25.0,0.5,0.25,0.5,0.63,86.0,52.0,71.9,62.0,30.0,50.8,1.0,0.1
226,12.5,0.25,0.25,0.5,0.5,69.7,42.1,58.2,50.2,24.3,41.2,34.0,0.56
27,25.0,0.25,0.25,0.25,0.25,94.6,57.2,79.0,68.2,33.0,55.9,16.0,0.26
614,25.0,0.5,0.25,0.75,0.5,77.4,46.8,64.7,55.8,27.0,45.8,34.0,0.56
264,12.5,0.25,0.25,0.63,0.5,86.0,52.0,71.9,62.0,30.0,50.8,34.0,0.56
438,12.5,0.25,0.38,0.5,0.75,94.6,57.2,79.0,68.2,33.0,55.9,1.0,0.1
51,12.5,0.25,0.25,0.25,0.25,86.0,52.0,71.9,62.0,30.0,50.8,16.0,0.26
365,12.5,0.25,0.38,0.38,0.5,69.7,42.1,58.2,50.2,24.3,41.2,16.0,0.26
230,12.5,0.25,0.25,0.5,0.63,94.6,57.2,79.0,68.2,33.0,55.9,1.0,0.1
38,25.0,0.25,0.25,0.25,0.25,77.4,46.8,64.7,55.8,27.0,45.8,34.0,0.56
158,12.5,0.25,0.25,0.38,0.38,69.7,42.1,58.2,50.2,24.3,41.2,1.0,0.1
238,12.5,0.25,0.25,0.5,0.63,69.7,42.1,58.2,50.2,24.3,41.2,1.0,0.1
746,25.0,0.5,0.38,0.63,0.5,86.0,52.0,71.9,62.0,30.0,50.8,1.0,0.1
375,12.5,0.25,0.38,0.38,0.63,86.0,52.0,71.9,62.0,30.0,50.8,24.0,0.39
470,25.0,0.5,0.25,0.38,0.5,77.4,46.8,64.7,55.8,27.0,45.8,34.0,0.56
748,25.0,0.5,0.38,0.63,0.5,94.6,57.2,79.0,68.2,33.0,55.9,1.0,0.1
663,25.0,0.5,0.38,0.38,0.5,69.7,42.1,58.2,50.2,24.3,41.2,24.0,0.39
630,25.0,0.5,0.25,0.75,0.63,77.4,46.8,64.7,55.8,27.0,45.8,34.0,0.56
195,12.5,0.25,0.25,0.38,0.75,86.0,52.0,71.9,62.0,30.0,50.8,16.0,0.26
665,25.0,0.5,0.38,0.38,0.63,86.0,52.0,71.9,62.0,30.0,50.8,16.0,0.26
673,25.0,0.5,0.38,0.38,0.63,77.4,46.8,64.7,55.8,27.0,45.8,16.0,0.26
504,25.0,0.5,0.25,0.38,0.75,69.7,42.1,58.2,50.2,24.3,41.2,34.0,0.56
750,25.0,0.5,0.38,0.63,0.5,86.0,52.0,71.9,62.0,30.0,50.8,34.0,0.56
650,25.0,0.5,0.38,0.38,0.5,86.0,52.0,71.9,62.0,30.0,50.8,1.0,0.1
749,25.0,0.5,0.38,0.63,0.5,86.0,52.0,71.9,62.0,30.0,50.8,24.0,0.39
163,12.5,0.25,0.25,0.38,0.5,86.0,52.0,71.9,62.0,30.0,50.8,16.0,0.26
559,25.0,0.5,0.25,0.63,0.5,94.6,57.2,79.0,68.2,33.0,55.9,24.0,0.39
153,12.5,0.25,0.25,0.38,0.38,94.6,57.2,79.0,68.2,33.0,55.9,24.0,0.39
543,25.0,0.5,0.25,0.5,0.75,94.6,57.2,79.0,68.2,33.0,55.9,24.0,0.39
558,25.0,0.5,0.25,0.63,0.5,86.0,52.0,71.9,62.0,30.0,50.8,34.0,0.56
598,25.0,0.5,0.25,0.63,0.75,77.4,46.8,64.7,55.8,27.0,45.8,34.0,0.56
112,12.5,0.25,0.25,0.25,0.63,77.4,46.8,64.7,55.8,27.0,45.8,34.0,0.56
227,12.5,0.25,0.25,0.5,0.63,86.0,52.0,71.9,62.0,30.0,50.8,16.0,0.26
549,25.0,0.5,0.25,0.5,0.75,77.4,46.8,64.7,55.8,27.0,45.8,24.0,0.39
104,12.5,0.25,0.25,0.25,0.63,86.0,52.0,71.9,62.0,30.0,50.8,34.0,0.56
422,12.5,0.25,0.38,0.5,0.63,94.6,57.2,79.0,68.2,33.0,55.9,1.0,0.1
420,12.5,0.25,0.38,0.5,0.63,86.0,52.0,71.9,62.0,30.0,50.8,1.0,0.1
120,12.5,0.25,0.25,0.25,0.75,86.0,52.0,71.9,62.0,30.0,50.8,34.0,0.56
54,12.5,0.25,0.25,0.25,0.25,94.6,57.2,79.0,68.2,33.0,55.9,1.0,0.1
152,12.5,0.25,0.25,0.38,0.38,86.0,52.0,71.9,62.0,30.0,50.8,34.0,0.56
404,12.5,0.25,0.38,0.5,0.5,86.0,52.0,71.9,62.0,30.0,50.8,1.0,0.1
731,25.0,0.5,0.38,0.5,0.75,94.6,57.2,79.0,68.2,33.0,55.9,16.0,0.26
208,12.5,0.25,0.25,0.38,0.75,77.4,46.8,64.7,55.8,27.0,45.8,34.0,0.56
658,25.0,0.5,0.38,0.38,0.5,77.4,46.8,64.7,55.8,27.0,45.8,1.0,0.1
604,25.0,0.5,0.25,0.75,0.5,94.6,57.2,79.0,68.2,33.0,55.9,1.0,0.1
8,37.5,0.75,0.25,0.25,0.25,77.4,46.8,64.7,55.8,27.0,45.8,16.0,0.26
633,25.0,0.5,0.25,0.75,0.75,86.0,52.0,71.9,62.0,30.0,50.8,16.0,0.26
37,25.0,0.25,0.25,0.25,0.25,77.4,46.8,64.7,55.8,27.0,45.8,24.0,0.39
453,12.5,0.25,0.38,0.63,0.5,94.6,57.2,79.0,68.2,33.0,55.9,16.0,0.26
254,12.5,0.25,0.25,0.5,0.75,69.7,42.1,58.2,50.2,24.3,41.2,1.0,0.1
304,12.5,0.25,0.25,0.63,0.75,77.4,46.8,64.7,55.8,27.0,45.8,34.0,0.56
592,25.0,0.5,0.25,0.63,0.75,94.6,57.2,79.0,68.2,33.0,55.9,34.0,0.56
719,25.0,0.5,0.38,0.5,0.63,94.6,57.2,79.0,68.2,33.0,55.9,24.0,0.39
573,25.0,0.5,0.25,0.63,0.63,86.0,52.0,71.9,62.0,30.0,50.8,24.0,0.39
263,12.5,0.25,0.25,0.63,0.5,86.0,52.0,71.9,62.0,30.0,50.8,24.0,0.39
298,12.5,0.25,0.25,0.63,0.75,94.6,57.2,79.0,68.2,33.0,55.9,34.0,0.56
415,12.5,0.25,0.38,0.5,0.5,77.4,46.8,64.7,55.8,27.0,45.8,24.0,0.39
151,12.5,0.25,0.25,0.38,0.38,86.0,52.0,71.9,62.0,30.0,50.8,24.0,0.39
626,25.0,0.5,0.25,0.75,0.63,77.4,46.8,64.7,55.8,27.0,45.8,1.0,0.1
692,25.0,0.5,0.38,0.38,0.75,69.7,42.1,58.2,50.2,24.3,41.2,1.0,0.1
551,25.0,0.5,0.25,0.5,0.75,69.7,42.1,58.2,50.2,24.3,41.2,24.0,0.39
489,25.0,0.5,0.25,0.38,0.75,86.0,52.0,71.9,62.0,30.0,50.8,16.0,0.26
148,12.5,0.25,0.25,0.38,0.38,86.0,52.0,71.9,62.0,30.0,50.8,1.0,0.1
147,12.5,0.25,0.25,0.38,0.38,86.0,52.0,71.9,62.0,30.0,50.8,16.0,0.26
628,25.0,0.5,0.25,0.75,0.63,69.7,42.1,58.2,50.2,24.3,41.2,1.0,0.1
720,25.0,0.5,0.38,0.5,0.63,94.6,57.2,79.0,68.2,33.0,55.9,34.0,0.56
587,25.0,0.5,0.25,0.63,0.75,94.6,57.2,79.0,68.2,33.0,55.9,16.0,0.26
349,12.5,0.25,0.25,0.75,0.75,69.7,42.1,58.2,50.2,24.3,41.2,16.0,0.26
464,25.0,0.5,0.25,0.38,0.5,94.6,57.2,79.0,68.2,33.0,55.9,34.0,0.56
326,12.5,0.25,0.25,0.75,0.63,94.6,57.2,79.0,68.2,33.0,55.9,1.0,0.1
187,12.5,0.25,0.25,0.38,0.63,77.4,46.8,64.7,55.8,27.0,45.8,16.0,0.26
124,12.5,0.25,0.25,0.25,0.75,77.4,46.8,64.7,55.8,27.0,45.8,1.0,0.1
759,20.0,0.0,0.117,0.409,0.058,86.0,52.0,71.9,62.0,30.0,50.8,3.77,0.06
144,12.5,0.25,0.25,0.38,0.25,77.4,46.8,64.7,55.8,27.0,45.8,34.0,0.56
741,25.0,0.5,0.38,0.5,0.75,77.4,46.8,64.7,55.8,27.0,45.8,24.0,0.39
198,12.5,0.25,0.25,0.38,0.75,94.6,57.2,79.0,68.2,33.0,55.9,1.0,0.1
280,12.5,0.25,0.25,0.63,0.63,86.0,52.0,71.9,62.0,30.0,50.8,34.0,0.56
294,12.5,0.25,0.25,0.63,0.75,94.6,57.2,79.0,68.2,33.0,55.9,1.0,0.1
401,12.5,0.25,0.38,0.38,0.75,69.7,42.1,58.2,50.2,24.3,41.2,24.0,0.39
123,12.5,0.25,0.25,0.25,0.75,77.4,46.8,64.7,55.8,27.0,45.8,16.0,0.26
184,12.5,0.25,0.25,0.38,0.63,86.0,52.0,71.9,62.0,30.0,50.8,34.0,0.56
203,12.5,0.25,0.25,0.38,0.75,77.4,46.8,64.7,55.8,27.0,45.8,16.0,0.26
439,12.5,0.25,0.38,0.5,0.75,86.0,52.0,71.9,62.0,30.0,50.8,24.0,0.39
247,12.5,0.25,0.25,0.5,0.75,86.0,52.0,71.9,62.0,30.0,50.8,24.0,0.39
416,12.5,0.25,0.38,0.5,0.5,77.4,46.8,64.7,55.8,27.0,45.8,34.0,0.56
691,25.0,0.5,0.38,0.38,0.75,69.7,42.1,58.2,50.2,24.3,41.2,16.0,0.26
130,12.5,0.25,0.25,0.25,0.75,69.7,42.1,58.2,50.2,24.3,41.2,34.0,0.56
403,12.5,0.25,0.38,0.5,0.5,86.0,52.0,71.9,62.0,30.0,50.8,16.0,0.26
616,25.0,0.5,0.25,0.75,0.5,69.7,42.1,58.2,50.2,24.3,41.2,34.0,0.56
608,25.0,0.5,0.25,0.75,0.5,94.6,57.2,79.0,68.2,33.0,55.9,34.0,0.56
705,25.0,0.5,0.38,0.5,0.5,77.4,46.8,64.7,55.8,27.0,45.8,16.0,0.26
220,12.5,0.25,0.25,0.5,0.5,77.4,46.8,64.7,55.8,27.0,45.8,1.0,0.1
707,25.0,0.5,0.38,0.5,0.5,69.7,42.1,58.2,50.2,24.3,41.2,16.0,0.26
595,25.0,0.5,0.25,0.63,0.75,69.7,42.1,58.2,50.2,24.3,41.2,16.0,0.26
710,25.0,0.5,0.38,0.5,0.5,77.4,46.8,64.7,55.8,27.0,45.8,34.0,0.56
603,25.0,0.5,0.25,0.75,0.5,94.6,57.2,79.0,68.2,33.0,55.9,16.0,0.26
387,12.5,0.25,0.38,0.38,0.75,86.0,52.0,71.9,62.0,30.0,50.8,16.0,0.26
752,25.0,0.5,0.38,0.63,0.5,94.6,57.2,79.0,68.2,33.0,55.9,34.0,0.56
510,25.0,0.5,0.25,0.5,0.5,86.0,52.0,71.9,62.0,30.0,50.8,34.0,0.56
268,12.5,0.25,0.25,0.63,0.5,77.4,46.8,64.7,55.8,27.0,45.8,1.0,0.1
642,25.0,0.5,0.25,0.75,0.75,77.4,46.8,64.7,55.8,27.0,45.8,1.0,0.1
442,12.5,0.25,0.38,0.5,0.75,94.6,57.2,79.0,68.2,33.0,55.9,34.0,0.56
497,25.0,0.5,0.25,0.38,0.75,77.4,46.8,64.7,55.8,27.0,45.8,16.0,0.26
113,12.5,0.25,0.25,0.25,0.63,69.7,42.1,58.2,50.2,24.3,41.2,24.0,0.39
233,12.5,0.25,0.25,0.5,0.63,94.6,57.2,79.0,68.2,33.0,55.9,24.0,0.39
678,25.0,0.5,0.38,0.38,0.63,77.4,46.8,64.7,55.8,27.0,45.8,34.0,0.56
374,12.5,0.25,0.38,0.38,0.63,94.6,57.2,79.0,68.2,33.0,55.9,1.0,0.1
234,12.5,0.25,0.25,0.5,0.63,94.6,57.2,79.0,68.2,33.0,55.9,34.0,0.56
617,25.0,0.5,0.25,0.75,0.63,86.0,52.0,71.9,62.0,30.0,50.8,16.0,0.26
318,12.5,0.25,0.25,0.75,0.5,69.7,42.1,58.2,50.2,24.3,41.2,1.0,0.1
411,12.5,0.25,0.38,0.5,0.5,77.4,46.8,64.7,55.8,27.0,45.8,16.0,0.26
696,25.0,0.5,0.38,0.38,0.75,69.7,42.1,58.2,50.2,24.3,41.2,34.0,0.56
359,12.5,0.25,0.38,0.38,0.5,86.0,52.0,71.9,62.0,30.0,50.8,24.0,0.39
259,12.5,0.25,0.25,0.63,0.5,86.0,52.0,71.9,62.0,30.0,50.8,16.0,0.26
283,12.5,0.25,0.25,0.63,0.63,77.4,46.8,64.7,55.8,27.0,45.8,16.0,0.26
377,12.5,0.25,0.38,0.38,0.63,94.6,57.2,79.0,68.2,33.0,55.9,24.0,0.39
385,12.5,0.25,0.38,0.38,0.63,69.7,42.1,58.2,50.2,24.3,41.2,24.0,0.39
225,12.5,0.25,0.25,0.5,0.5,69.7,42.1,58.2,50.2,24.3,41.2,24.0,0.39
737,25.0,0.5,0.38,0.5,0.75,77.4,46.8,64.7,55.8,27.0,45.8,16.0,0.26
638,25.0,0.5,0.25,0.75,0.75,86.0,52.0,71.9,62.0,30.0,50.8,34.0,0.56
473,25.0,0.5,0.25,0.38,0.63,86.0,52.0,71.9,62.0,30.0,50.8,16.0,0.26
348,12.5,0.25,0.25,0.75,0.75,77.4,46.8,64.7,55.8,27.0,45.8,1.0,0.1
506,25.0,0.5,0.25,0.5,0.5,86.0,52.0,71.9,62.0,30.0,50.8,1.0,0.1
764,20.0,0.537,0.117,0.409,0.058,86.0,52.0,71.9,62.0,30.0,50.8,3.77,0.06
718,25.0,0.5,0.38,0.5,0.63,86.0,52.0,71.9,62.0,30.0,50.8,34.0,0.56
771,20.0,0.0,0.058,0.409,0.117,86.0,52.0,71.9,62.0,30.0,50.8,3.77,0.06
620,25.0,0.5,0.25,0.75,0.63,94.6,57.2,79.0,68.2,33.0,55.9,1.0,0.1
666,25.0,0.5,0.38,0.38,0.63,86.0,52.0,71.9,62.0,30.0,50.8,1.0,0.1
659,25.0,0.5,0.38,0.38,0.5,69.7,42.1,58.2,50.2,24.3,41.2,16.0,0.26
557,25.0,0.5,0.25,0.63,0.5,86.0,52.0,71.9,62.0,30.0,50.8,24.0,0.39
578,25.0,0.5,0.25,0.63,0.63,77.4,46.8,64.7,55.8,27.0,45.8,1.0,0.1
86,12.5,0.25,0.25,0.25,0.5,94.6,57.2,79.0,68.2,33.0,55.9,1.0,0.1
243,12.5,0.25,0.25,0.5,0.75,86.0,52.0,71.9,62.0,30.0,50.8,16.0,0.26
160,12.5,0.25,0.25,0.38,0.38,77.4,46.8,64.7,55.8,27.0,45.8,34.0,0.56
525,25.0,0.5,0.25,0.5,0.63,86.0,52.0,71.9,62.0,30.0,50.8,24.0,0.39
36,25.0,0.25,0.25,0.25,0.25,69.7,42.1,58.2,50.2,24.3,41.2,1.0,0.1
541,25.0,0.5,0.25,0.5,0.75,86.0,52.0,71.9,62.0,30.0,50.8,24.0,0.39
171,12.5,0.25,0.25,0.38,0.5,77.4,46.8,64.7,55.8,27.0,45.8,16.0,0.26
668,25.0,0.5,0.38,0.38,0.63,94.6,57.2,79.0,68.2,33.0,55.9,1.0,0.1
660,25.0,0.5,0.38,0.38,0.5,69.7,42.1,58.2,50.2,24.3,41.2,1.0,0.1
730,25.0,0.5,0.38,0.5,0.75,86.0,52.0,71.9,62.0,30.0,50.8,1.0,0.1
96,12.5,0.25,0.25,0.25,0.5,77.4,46.8,64.7,55.8,27.0,45.8,34.0,0.56
564,25.0,0.5,0.25,0.63,0.5,69.7,42.1,58.2,50.2,24.3,41.2,1.0,0.1
241,12.5,0.25,0.25,0.5,0.63,69.7,42.1,58.2,50.2,24.3,41.2,24.0,0.39
575,25.0,0.5,0.25,0.63,0.63,94.6,57.2,79.0,68.2,33.0,55.9,24.0,0.39
461,25.0,0.5,0.25,0.38,0.5,86.0,52.0,71.9,62.0,30.0,50.8,24.0,0.39
554,25.0,0.5,0.25,0.63,0.5,86.0,52.0,71.9,62.0,30.0,50.8,1.0,0.1
684,25.0,0.5,0.38,0.38,0.75,94.6,57.2,79.0,68.2,33.0,55.9,1.0,0.1
207,12.5,0.25,0.25,0.38,0.75,77.4,46.8,64.7,55.8,27.0,45.8,24.0,0.39
393,12.5,0.25,0.38,0.38,0.75,94.6,57.2,79.0,68.2,33.0,55.9,24.0,0.39
398,12.5,0.25,0.38,0.38,0.75,69.7,42.1,58.2,50.2,24.3,41.2,1.0,0.1
661,25.0,0.5,0.38,0.38,0.5,77.4,46.8,64.7,55.8,27.0,45.8,24.0,0.39
218,12.5,0.25,0.25,0.5,0.5,94.6,57.2,79.0,68.2,33.0,55.9,34.0,0.56
4,37.5,0.75,0.25,0.25,0.25,86.0,52.0,71.9,62.0,30.0,50.8,24.0,0.39
643,25.0,0.5,0.25,0.75,0.75,69.7,42.1,58.2,50.2,24.3,41.2,16.0,0.26
695,25.0,0.5,0.38,0.38,0.75,69.7,42.1,58.2,50.2,24.3,41.2,24.0,0.39
613,25.0,0.5,0.25,0.75,0.5,77.4,46.8,64.7,55.8,27.0,45.8,24.0,0.39
547,25.0,0.5,0.25,0.5,0.75,69.7,42.1,58.2,50.2,24.3,41.2,16.0,0.26
99,12.5,0.25,0.25,0.25,0.63,86.0,52.0,71.9,62.0,30.0,50.8,16.0,0.26
574,25.0,0.5,0.25,0.63,0.63,86.0,52.0,71.9,62.0,30.0,50.8,34.0,0.56
407,12.5,0.25,0.38,0.5,0.5,86.0,52.0,71.9,62.0,30.0,50.8,24.0,0.39
503,25.0,0.5,0.25,0.38,0.75,69.7,42.1,58.2,50.2,24.3,41.2,24.0,0.39
48,25.0,0.25,0.25,0.25,0.38,77.4,46.8,64.7,55.8,27.0,45.8,16.0,0.26
33,25.0,0.25,0.25,0.25,0.25,77.4,46.8,64.7,55.8,27.0,45.8,16.0,0.26
201,12.5,0.25,0.25,0.38,0.75,94.6,57.2,79.0,68.2,33.0,55.9,24.0,0.39
135,12.5,0.25,0.25,0.38,0.25,86.0,52.0,71.9,62.0,30.0,50.8,24.0,0.39
28,25.0,0.25,0.25,0.25,0.25,94.6,57.2,79.0,68.2,33.0,55.9,1.0,0.1
686,25.0,0.5,0.38,0.38,0.75,86.0,52.0,71.9,62.0,30.0,50.8,34.0,0.56
231,12.5,0.25,0.25,0.5,0.63,86.0,52.0,71.9,62.0,30.0,50.8,24.0,0.39
490,25.0,0.5,0.25,0.38,0.75,86.0,52.0,71.9,62.0,30.0,50.8,1.0,0.1
379,12.5,0.25,0.38,0.38,0.63,77.4,46.8,64.7,55.8,27.0,45.8,16.0,0.26
289,12.5,0.25,0.25,0.63,0.63,69.7,42.1,58.2,50.2,24.3,41.2,24.0,0.39
419,12.5,0.25,0.38,0.5,0.63,86.0,52.0,71.9,62.0,30.0,50.8,16.0,0.26
392,12.5,0.25,0.38,0.38,0.75,86.0,52.0,71.9,62.0,30.0,50.8,34.0,0.56
593,25.0,0.5,0.25,0.63,0.75,77.4,46.8,64.7,55.8,27.0,45.8,16.0,0.26
499,25.0,0.5,0.25,0.38,0.75,69.7,42.1,58.2,50.2,24.3,41.2,16.0,0.26
139,12.5,0.25,0.25,0.38,0.25,77.4,46.8,64.7,55.8,27.0,45.8,16.0,0.26
63,12.5,0.25,0.25,0.25,0.25,77.4,46.8,64.7,55.8,27.0,45.8,24.0,0.39
472,25.0,0.5,0.25,0.38,0.5,69.7,42.1,58.2,50.2,24.3,41.2,34.0,0.56
648,25.0,0.5,0.25,0.75,0.75,69.7,42.1,58.2,50.2,24.3,41.2,34.0,0.56
129,12.5,0.25,0.25,0.25,0.75,69.7,42.1,58.2,50.2,24.3,41.2,24.0,0.39
755,25.0,0.5,0.38,0.63,0.5,69.7,42.1,58.2,50.2,24.3,41.2,16.0,0.26
521,25.0,0.5,0.25,0.5,0.63,86.0,52.0,71.9,62.0,30.0,50.8,16.0,0.26
65,12.5,0.25,0.25,0.25,0.25,69.7,42.1,58.2,50.2,24.3,41.2,24.0,0.39
14,37.5,0.25,0.25,0.25,0.25,94.6,57.2,79.0,68.2,33.0,55.9,1.0,0.1
157,12.5,0.25,0.25,0.38,0.38,69.7,42.1,58.2,50.2,24.3,41.2,16.0,0.26
41,25.0,0.25,0.25,0.25,0.38,86.0,52.0,71.9,62.0,30.0,50.8,1.0,0.1
493,25.0,0.5,0.25,0.38,0.75,86.0,52.0,71.9,62.0,30.0,50.8,24.0,0.39
380,12.5,0.25,0.38,0.38,0.63,77.4,46.8,64.7,55.8,27.0,45.8,1.0,0.1
188,12.5,0.25,0.25,0.38,0.63,77.4,46.8,64.7,55.8,27.0,45.8,1.0,0.1
217,12.5,0.25,0.25,0.5,0.5,94.6,57.2,79.0,68.2,33.0,55.9,24.0,0.39
53,12.5,0.25,0.25,0.25,0.25,94.6,57.2,79.0,68.2,33.0,55.9,16.0,0.26
338,12.5,0.25,0.25,0.75,0.63,69.7,42.1,58.2,50.2,24.3,41.2,34.0,0.56
296,12.5,0.25,0.25,0.63,0.75,86.0,52.0,71.9,62.0,30.0,50.8,34.0,0.56
252,12.5,0.25,0.25,0.5,0.75,77.4,46.8,64.7,55.8,27.0,45.8,1.0,0.1
462,25.0,0.5,0.25,0.38,0.5,86.0,52.0,71.9,62.0,30.0,50.8,34.0,0.56
456,12.5,0.25,0.38,0.63,0.5,86.0,52.0,71.9,62.0,30.0,50.8,34.0,0.56
774,20.0,0.537,0.117,0.409,0.058,86.0,52.0,71.9,62.0,30.0,50.8,24.0,0.39
270,12.5,0.25,0.25,0.63,0.5,69.7,42.1,58.2,50.2,24.3,41.2,1.0,0.1
202,12.5,0.25,0.25,0.38,0.75,94.6,57.2,79.0,68.2,33.0,55.9,34.0,0.56
162,12.5,0.25,0.25,0.38,0.38,69.7,42.1,58.2,50.2,24.3,41.2,34.0,0.56
556,25.0,0.5,0.25,0.63,0.5,94.6,57.2,79.0,68.2,33.0,55.9,1.0,0.1
402,12.5,0.25,0.38,0.38,0.75,69.7,42.1,58.2,50.2,24.3,41.2,34.0,0.56
477,25.0,0.5,0.25,0.38,0.63,86.0,52.0,71.9,62.0,30.0,50.8,24.0,0.39
106,12.5,0.25,0.25,0.25,0.63,94.6,57.2,79.0,68.2,33.0,55.9,34.0,0.56
566,25.0,0.5,0.25,0.63,0.5,77.4,46.8,64.7,55.8,27.0,45.8,34.0,0.56
390,12.5,0.25,0.38,0.38,0.75,94.6,57.2,79.0,68.2,33.0,55.9,1.0,0.1
1,37.5,0.75,0.25,0.25,0.25,86.0,52.0,71.9,62.0,30.0,50.8,1.0,0.1
725,25.0,0.5,0.38,0.5,0.63,77.4,46.8,64.7,55.8,27.0,45.8,24.0,0.39
562,25.0,0.5,0.25,0.63,0.5,77.4,46.8,64.7,55.8,27.0,45.8,1.0,0.1
81,12.5,0.25,0.25,0.25,0.38,69.7,42.1,58.2,50.2,24.3,41.2,24.0,0.39
206,12.5,0.25,0.25,0.38,0.75,69.7,42.1,58.2,50.2,24.3,41.2,1.0,0.1
35,25.0,0.25,0.25,0.25,0.25,69.7,42.1,58.2,50.2,24.3,41.2,16.0,0.26
509,25.0,0.5,0.25,0.5,0.5,86.0,52.0,71.9,62.0,30.0,50.8,24.0,0.39
428,12.5,0.25,0.38,0.5,0.63,77.4,46.8,64.7,55.8,27.0,45.8,1.0,0.1
455,12.5,0.25,0.38,0.63,0.5,86.0,52.0,71.9,62.0,30.0,50.8,24.0,0.39
367,12.5,0.25,0.38,0.38,0.5,77.4,46.8,64.7,55.8,27.0,45.8,24.0,0.39
92,12.5,0.25,0.25,0.25,0.5,77.4,46.8,64.7,55.8,27.0,45.8,1.0,0.1
340,12.5,0.25,0.25,0.75,0.75,86.0,52.0,71.9,62.0,30.0,50.8,1.0,0.1
565,25.0,0.5,0.25,0.63,0.5,77.4,46.8,64.7,55.8,27.0,45.8,24.0,0.39
346,12.5,0.25,0.25,0.75,0.75,94.6,57.2,79.0,68.2,33.0,55.9,34.0,0.56
242,12.5,0.25,0.25,0.5,0.63,69.7,42.1,58.2,50.2,24.3,41.2,34.0,0.56
13,37.5,0.25,0.25,0.25,0.25,94.6,57.2,79.0,68.2,33.0,55.9,16.0,0.26
316,12.5,0.25,0.25,0.75,0.5,77.4,46.8,64.7,55.8,27.0,45.8,1.0,0.1
601,25.0,0.5,0.25,0.75,0.5,86.0,52.0,71.9,62.0,30.0,50.8,16.0,0.26
388,12.5,0.25,0.38,0.38,0.75,86.0,52.0,71.9,62.0,30.0,50.8,1.0,0.1
274,12.5,0.25,0.25,0.63,0.5,69.7,42.1,58.2,50.2,24.3,41.2,34.0,0.56
167,12.5,0.25,0.25,0.38,0.5,86.0,52.0,71.9,62.0,30.0,50.8,24.0,0.39
770,20.0,0.0,0.293,0.234,0.058,86.0,52.0,71.9,62.0,30.0,50.8,3.77,0.06
647,25.0,0.5,0.25,0.75,0.75,69.7,42.1,58.2,50.2,24.3,41.2,24.0,0.39
485,25.0,0.5,0.25,0.38,0.63,77.4,46.8,64.7,55.8,27.0,45.8,24.0,0.39
758,25.0,0.5,0.38,0.63,0.5,77.4,46.8,64.7,55.8,27.0,45.8,34.0,0.56
505,25.0,0.5,0.25,0.5,0.5,86.0,52.0,71.9,62.0,30.0,50.8,16.0,0.26
244,12.5,0.25,0.25,0.5,0.75,86.0,52.0,71.9,62.0,30.0,50.8,1.0,0.1
567,25.0,0.5,0.25,0.63,0.5,69.7,42.1,58.2,50.2,24.3,41.2,24.0,0.39
563,25.0,0.5,0.25,0.63,0.5,69.7,42.1,58.2,50.2,24.3,41.2,16.0,0.26
687,25.0,0.5,0.38,0.38,0.75,94.6,57.2,79.0,68.2,33.0,55.9,24.0,0.39
190,12.5,0.25,0.25,0.38,0.63,69.7,42.1,58.2,50.2,24.3,41.2,1.0,0.1
700,25.0,0.5,0.38,0.5,0.5,94.6,57.2,79.0,68.2,33.0,55.9,1.0,0.1
476,25.0,0.5,0.25,0.38,0.63,94.6,57.2,79.0,68.2,33.0,55.9,1.0,0.1
682,25.0,0.5,0.38,0.38,0.75,86.0,52.0,71.9,62.0,30.0,50.8,1.0,0.1
511,25.0,0.5,0.25,0.5,0.5,94.6,57.2,79.0,68.2,33.0,55.9,24.0,0.39
59,12.5,0.25,0.25,0.25,0.25,77.4,46.8,64.7,55.8,27.0,45.8,16.0,0.26
475,25.0,0.5,0.25,0.38,0.63,94.6,57.2,79.0,68.2,33.0,55.9,16.0,0.26
561,25.0,0.5,0.25,0.63,0.5,77.4,46.8,64.7,55.8,27.0,45.8,16.0,0.26
253,12.5,0.25,0.25,0.5,0.75,69.7,42.1,58.2,50.2,24.3,41.2,16.0,0.26
22,37.5,0.25,0.25,0.25,0.25,69.7,42.1,58.2,50.2,24.3,41.2,1.0,0.1
314,12.5,0.25,0.25,0.75,0.5,94.6,57.2,79.0,68.2,33.0,55.9,34.0,0.56
460,25.0,0.5,0.25,0.38,0.5,94.6,57.2,79.0,68.2,33.0,55.9,1.0,0.1
161,12.5,0.25,0.25,0.38,0.38,69.7,42.1,58.2,50.2,24.3,41.2,24.0,0.39
277,12.5,0.25,0.25,0.63,0.63,94.6,57.2,79.0,68.2,33.0,55.9,16.0,0.26
192,12.5,0.25,0.25,0.38,0.63,77.4,46.8,64.7,55.8,27.0,45.8,34.0,0.56
386,12.5,0.25,0.38,0.38,0.63,69.7,42.1,58.2,50.2,24.3,41.2,34.0,0.56
414,12.5,0.25,0.38,0.5,0.5,69.7,42.1,58.2,50.2,24.3,41.2,1.0,0.1
492,25.0,0.5,0.25,0.38,0.75,94.6,57.2,79.0,68.2,33.0,55.9,1.0,0.1
344,12.5,0.25,0.25,0.75,0.75,86.0,52.0,71.9,62.0,30.0,50.8,34.0,0.56
309,12.5,0.25,0.25,0.75,0.5,94.6,57.2,79.0,68.2,33.0,55.9,16.0,0.26
662,25.0,0.5,0.38,0.38,0.5,77.4,46.8,64.7,55.8,27.0,45.8,34.0,0.56
131,12.5,0.25,0.25,0.38,0.25,86.0,52.0,71.9,62.0,30.0,50.8,16.0,0.26
664,25.0,0.5,0.38,0.38,0.5,69.7,42.1,58.2,50.2,24.3,41.2,34.0,0.56
100,12.5,0.25,0.25,0.25,0.63,86.0,52.0,71.9,62.0,30.0,50.8,1.0,0.1
373,12.5,0.25,0.38,0.38,0.63,94.6,57.2,79.0,68.2,33.0,55.9,16.0,0.26
88,12.5,0.25,0.25,0.25,0.5,86.0,52.0,71.9,62.0,30.0,50.8,34.0,0.56
459,25.0,0.5,0.25,0.38,0.5,94.6,57.2,79.0,68.2,33.0,55.9,16.0,0.26
331,12.5,0.25,0.25,0.75,0.63,77.4,46.8,64.7,55.8,27.0,45.8,16.0,0.26
215,12.5,0.25,0.25,0.5,0.5,86.0,52.0,71.9,62.0,30.0,50.8,24.0,0.39
467,25.0,0.5,0.25,0.38,0.5,69.7,42.1,58.2,50.2,24.3,41.2,16.0,0.26
122,12.5,0.25,0.25,0.25,0.75,94.6,57.2,79.0,68.2,33.0,55.9,34.0,0.56
615,25.0,0.5,0.25,0.75,0.5,69.7,42.1,58.2,50.2,24.3,41.2,24.0,0.39
21,37.5,0.25,0.25,0.25,0.25,69.7,42.1,58.2,50.2,24.3,41.2,16.0,0.26
701,25.0,0.5,0.38,0.5,0.5,86.0,52.0,71.9,62.0,30.0,50.8,24.0,0.39
72,12.5,0.25,0.25,0.25,0.38,86.0,52.0,71.9,62.0,30.0,50.8,34.0,0.56
107,12.5,0.25,0.25,0.25,0.63,77.4,46.8,64.7,55.8,27.0,45.8,16.0,0.26
271,12.5,0.25,0.25,0.63,0.5,77.4,46.8,64.7,55.8,27.0,45.8,24.0,0.39
436,12.5,0.25,0.38,0.5,0.75,86.0,52.0,71.9,62.0,30.0,50.8,1.0,0.1
103,12.5,0.25,0.25,0.25,0.63,86.0,52.0,71.9,62.0,30.0,50.8,24.0,0.39
